name,avgcpu,avgmem,avgdisk
c3.2xlarge_i-01b4d2897a2e9ffe7_chi-sq-gof_spark1.5_large_2,93.69925,47.63890000000001,0.6899999999999998
