name,avgcpu,avgmem,avgdisk
c3.2xlarge_i-01b4d2897a2e9ffe7_chi-sq-gof_spark1.5_large_3,93.88468354430378,47.12607594936709,4.617215189873418
