name,avgcpu,avgmem,avgdisk
c3.2xlarge_i-01b4d2897a2e9ffe7_chi-sq-gof_spark1.5_large_1,94.54889518413596,39.74940509915014,2.798186968838527
