name,avgcpu,avgmem,avgdisk
c3.2xlarge_i-01b4d2897a2e9ffe7_chi-sq-gof_spark1.5_medium_2,22.96666666666667,35.57333333333333,3.1999999999999997
