name,avgcpu,avgmem,avgdisk
c3.2xlarge_i-01b4d2897a2e9ffe7_chi-sq-gof_spark1.5_medium_1,24.50333333333333,26.05333333333333,0.5333333333333333
